{
    "providers": [
        {
            "type": "bitmap",
            "file": "minecraft:font/a.png",
            "ascent": 8,
            "height": 8,
            "chars": [
                "\ud83c\udd70"
            ]
        },
        {
            "type": "bitmap",
            "file": "minecraft:font/b.png",
            "ascent": 8,
            "height": 8,
            "chars": [
                "\ud83c\udd71"
            ]
        },
        {
            "type": "bitmap",
            "file": "minecraft:font/c.png",
            "ascent": 8,
            "height": 8,
            "chars": [
                "\ud83c\udd72"
            ]
        },
        {
            "type": "bitmap",
            "file": "minecraft:font/d.png",
            "ascent": 8,
            "height": 8,
            "chars": [
                "\ud83c\udd73"
            ]
        },
        {
            "type": "bitmap",
            "file": "minecraft:font/e.png",
            "ascent": 8,
            "height": 8,
            "chars": [
                "\ud83c\udd74"
            ]
        },
        {
            "type": "bitmap",
            "file": "minecraft:font/f.png",
            "ascent": 8,
            "height": 8,
            "chars": [
                "\ud83c\udd75"
            ]
        },
        {
            "type": "bitmap",
            "file": "minecraft:font/g.png",
            "ascent": 8,
            "height": 8,
            "chars": [
                "\ud83c\udd76"
            ]
        },
        {
            "type": "bitmap",
            "file": "minecraft:font/h.png",
            "ascent": 8,
            "height": 8,
            "chars": [
                "\ud83c\udd77"
            ]
        },
        {
            "type": "bitmap",
            "file": "minecraft:font/i.png",
            "ascent": 8,
            "height": 8,
            "chars": [
                "\ud83c\udd78"
            ]
        },
        {
            "type": "bitmap",
            "file": "minecraft:font/j.png",
            "ascent": 8,
            "height": 8,
            "chars": [
                "\ud83c\udd79"
            ]
        },
        {
            "type": "bitmap",
            "file": "minecraft:font/k.png",
            "ascent": 8,
            "height": 8,
            "chars": [
                "\ud83c\udd7a"
            ]
        }, 
        {
            "type": "bitmap",
            "file": "minecraft:font/l.png",
            "ascent": 8,
            "height": 8,
            "chars": [
                "\ud83c\udd7b"
            ]
        }, 
        {
            "type": "bitmap",
            "file": "minecraft:font/m.png",
            "ascent": 8,
            "height": 8,
            "chars": [
                "\ud83c\udd7c"
            ]
        },
        {
            "type": "bitmap",
            "file": "minecraft:font/n.png",
            "ascent": 8,
            "height": 8,
            "chars": [
                "\ud83c\udd7d"
            ]
        },
        {
            "type": "bitmap",
            "file": "minecraft:font/zo.png",
            "ascent": 8,
            "height": 8,
            "chars": [
                "\u00d6"
            ]
         }
      ]
  }
